image1_name,image2_name,box1_color,box2_color,is_same_object_ground_truth,is_same_object,confidence_score,object1_description,object2_description,reasoning
scene1_1,scene1_2,red,blue,False,True,0.9,"Wooden chair with armrests, dark brown color, placed near a table.","Wooden chair with armrests, dark brown color, placed near a table.","Upon closer inspection, the objects in both images still appear to be the same.

1. **Object Type**: Both are chairs with similar designs, featuring armrests.
2. **Color**: Consistently dark brown in both images.
3. **Shape and Proportions**: Matching design, including the backrest and seat layout.
4. **Material and Texture**: Both share a wooden look with no visible additional textures or treatments.
5. **Brightness**: Lighting conditions appear similar in both images, with no shadows or effects that alter the perception of the chairs.
6. **Orientation**: Both chairs are positioned similarly relative to the table.

No unique identifying features or marks are noticeable that would differentiate the objects. The overall design consistency supports the conclusion that they are the same object, though the slight angle differences might account for small perceived variations. The high similarity in the overall setup reinforces this judgment."
scene1_1,scene1_2,red,green,True,True,0.9,"Wooden chair with armrests, positioned next to a dark table, simple back design.","Wooden chair with armrests, positioned next to a dark table, simple back design.","Both images show a wooden chair with a similar style and back design, armrests, and placement next to a matching dark table. The color, shape, and size appear consistent, with no visible differences in texture or material. The orientation and alignment are similar, and there are no unique features or markings to differentiate between them. The settings in both images also match closely, supporting that they depict the same object."
scene1_1,scene1_3,red,blue,False,True,0.95,Wooden chair with armrests at a table.,Wooden chair with armrests at a table.,"Upon detailed review, both objects are wooden chairs with armrests placed near a table. They are the same color and style, suggesting they are likely part of the same set. The shape, material, and design are consistent, with no distinctive features or markings indicating they are different. Both have the same texture and appear under similar lighting, which affirms they are identical. The orientation in relation to the table also aligns, supporting the assessment that they are the same object."
scene1_1,scene1_3,red,green,True,True,0.9,Dark wooden chair with armrests and vertical slats on the backrest.,Dark wooden chair with armrests and vertical slats on the backrest.,"Upon further review, the objects in both images remain highly similar. Both are dark wooden chairs with armrests and a backrest with vertical slats. While there may be minor variations due to perspective or lighting differences, none significantly impact the identification. The chairs are positioned similarly in relation to the table, maintaining consistent orientation and proportions. No uniquely distinctive markings or features were observed that would clearly differentiate them. However, slight variations typical of 3D renderings could slightly affect confidence. Despite this, the design, material, and structure strongly indicate they are the same object, with a minor adjustment to the confidence score to account for typical slight differences in perspective or rendering.""}"
scene2_1,scene2_2,red,blue,False,False,0.75,Rectangular black object with a yellow label that has triangular arrows.,Rectangular black object with a pink label that has triangular arrows.,"Upon closer inspection, the objects differ mainly in the color of their labels. Image 1 has a yellow label, whereas Image 2's object has a pink label. While the shape, size, and design are consistent, this distinct difference in label color suggests they are not the same object. The material and texture appear similar, but the unique identifying feature of label color strongly suggests they are different, leading to a lower confidence score in them being the same object."
scene2_1,scene2_2,red,green,True,True,0.95,"A VHS tape with a label featuring a play and rewind symbol, with yellow tape on the left and right sides.","A VHS tape with a label featuring a play and rewind symbol, with yellow tape on the left and right sides.","Both objects from Image 1 and Image 2 have identical characteristics: they are VHS tapes with the same black casing, the same central label displaying play and rewind symbols, and yellow strips on either side of the label. There are no visible distinguishing marks or differences in size, shape, or orientation that separate the tapes, supporting the conclusion that they are the same object."
scene2_1,scene2_3,red,blue,False,True,0.95,A black rectangular VHS tape with yellow and black label featuring directional arrows.,A black rectangular VHS tape with a yellow and black label featuring directional arrows.,"Upon careful review, both objects appear to be VHS tapes with similar color, shape, and label design. The labels on both tapes feature a distinct yellow color with black arrows, which matches closely between the two images. There are no unique features or discrepancies in size, proportions, or markings that suggest they are different. The minor differences in lighting and perspective do not alter the fundamental similarities in their appearance."
scene2_1,scene2_3,red,green,True,True,0.9,"A VHS tape with a yellowish label and dark casing, labeled with geometric shapes.","A VHS tape with a yellowish label and dark casing, labeled with geometric shapes.","Upon careful review, the objects in question are both VHS tapes that feature a yellowish label with geometric shapes resembling inward-pointing arrows. They have a dark casing, similar shape, and size, and the same orientation on the shelf. There are no noticeable distinctive features or variations in texture and color that suggest they are different objects. Any subtle lighting differences are likely due to image capture and not the objects themselves. Thus, it's reasonable to conclude they are indeed the same object."
scene3_1,scene3_2,red,blue,False,False,0.85,"A white cylindrical object, resembling a cup or glass, located on a shelf.","A white cylindrical object, resembling a cup or glass, tilted slightly forward on a shelf.","Re-evaluating the images with attention to subtle details:

- **Object Name and Type:** Both appear to be cups or glasses.

- **Color:** Both are white, no distinguishing color differences.

- **Shape:** Both objects are cylindrical, typical for cups or glasses.

- **Material:** Likely similar, ceramic or glass, as no texture differences can be observed.

- **Texture:** Appears smooth for both, which is common for these types of objects.

- **Brightness:** Both objects have similar brightness.

- **Orientation:** In Image 1, the cup is upright. In Image 2, the object in the blue box is slightly tilted forward. This orientation difference is a key distinguishing feature.

- **Size and Proportions:** Both objects seem similar in size and proportion consistent with typical glass or cup sizes.

- **Distinctive Features:** The main distinctive feature is the orientation difference. The tilt in Image 2 could suggest it's a different object or repositioned object if considering the context of the scenario involving such changes.

Considering the orientation difference, there is reasonable uncertainty to conclude they are the same. Therefore, it is less likely they are the exact same object, leading to a decreased confidence score."
scene3_1,scene3_2,red,green,True,False,0.85,A white cylindrical object resembling a cup on a shelf.,A white cylindrical object resembling a cup tilted on a shelf.,"Upon further inspection, there are subtle details that may affect the judgment:

1. **Shape and Tilt**: The object in the green box appears to be tilted, suggesting it may not be identical in placement or orientation to the object in the red box, which is upright. This could indicate different objects or positions.

2. **Lighting and Shadows**: There may be slight differences in lighting or shadows that could make the objects appear slightly different, but these are not definitive.

3. **Unique Identifying Features**: No unique features are visible that definitively link or differentiate them. However, the orientation difference suggests a potential difference.

While they both resemble the same type of object, the orientation difference lowers the confidence in them being the same object. Thus, there is a moderate indication they might not be the same object across the images."
scene3_1,scene3_3,red,blue,False,False,0.85,A white cylindrical cup on a shelf.,A white cylindrical cup on a shelf.,"Upon closer inspection, while both objects are white cylindrical cups, there may be subtle differences in texture or brightness that indicate they are not the same object. The context, position on the shelf, and possible variations in proportions also suggest a different item. No unique identifying marks are visible to definitively prove they are or aren't the same object, but a slight disparity in the images suggests a different cup is depicted."
scene3_1,scene3_3,red,green,True,True,0.95,White cylindrical cup on a shelf.,White cylindrical cup on a shelf in the same position as the first image.,"Upon re-evaluation, both objects still appear to be white cylindrical cups with similar dimensions and placement within their respective images. The lighting and positioning are consistent, and no unique differences such as markings or variances in texture are apparent that would suggest they are different objects. However, subtle lighting or angle differences could influence perception, but given the available information, they seem identical."
