image1_name,image2_name,box1_color,box2_color,feature,is_same_object_ground_truth,is_same_object,confidence_score,reasoning
scene1_1,scene1_2,red,blue,None,False,True,0.9,"Upon further inspection, both chairs in the specified regions have the same distinctive design features: identical horizontal slats on the backrest, similar armrest design, and overall shape and color. There are no unique identifying marks that disprove they are the same. Minor differences in perspective and lighting could cause slight variations in appearance, but the core identical features suggest they are the same object. The confidence level remains high due to these consistent similarities."
scene1_1,scene1_2,red,green,None,True,True,0.85,"Upon closer inspection, the chairs in both images are very similar, sharing the same wooden structure, color, and design features such as armrests and the slatted back. The positioning in relation to the table is also very similar. However, the angle and lighting might create slight visual differences, such as shadowing or perspective distortions. There don't appear to be distinguishing marks or features that set them apart. Based on these observations, it is highly likely they are the same object, though minor differences due to perspective are considered, reducing confidence slightly."
scene1_1,scene1_3,red,blue,None,False,False,0.8,"Upon closer inspection, while both chairs have a similar design, there are subtle differences in the angle and height of the backs of the chairs. Additionally, the position relative to the table differs slightly in perspective, suggesting they might be different instances of similar chairs rather than the exact same object. Unique identifying features such as any visible distinct wear or specific wood grain patterns aren't evident, leaving some room for doubt."
scene1_1,scene1_3,red,green,None,True,True,0.95,"Upon closer inspection, the chairs in both images exhibit identical features such as the same number of slats on the back, similar armrest design, and matching proportions of the seat and legs. The angle and perspective change between the images could account for any perceived differences. The consistent design elements strongly suggest they are the same object."
scene2_1,scene2_2,red,blue,None,False,True,0.95,"Upon closer inspection, the two objects are both cassette tapes with identical shapes and positions on the shelf. The label design, while initially appearing different, actually matches when considering details such as the arrangement and style of markings. The lighting may cause a slight perception of color change. This consistent design points towards them being the same object."
scene2_1,scene2_2,red,green,None,True,True,0.7,"Upon closer examination, the objects seem to have the same shape and general design, including the label area and outer casing. Although subtle differences in lighting and angle could create a slightly different appearance, the unique markings and shape appear consistent across both images. However, due to potential lighting and angle differences, the confidence score is adjusted to reflect a slight uncertainty."
scene2_1,scene2_3,red,blue,None,False,False,0.8,"Upon closer inspection, factors such as texture, label details, and positioning come into play.

1. **Label Details**: 
   - In Image 1 (red box), the VHS tape's label features distinctive markings that are somewhat different from the tape in Image 2 (blue box). While both have similar areas of light color, the central markings differ slightly in form or design.
   
2. **Positioning & Lighting**:
   - Although the lighting varies between the two images, the positioning of the objects reveals slight differences in how the label is perceived. In Image 1, the label seems to have slightly more distinct shapes and shading patterns than Image 2.

3. **Identifying Features**:
   - Any differences in central markings or the precise alignment of labels can be subtle hints that suggest different objects. If these differences are consistent upon zooming or closer magnification, it indicates a distinction.

Combining these considerations, it's reasonable to conclude that they might not be the same object. Nonetheless, due to similarities, there's still a moderate chance they might be the same, leading to an adjusted confidence score."
scene2_1,scene2_3,red,green,None,True,True,0.85,"Upon reviewing, the object's design and location remain consistent between the images. Both lie on a shelf to the right, with similar dimensions and appearance, suggesting they are tapes. The label markings are the same type, though slight variations in angle or lighting might cause minor visual discrepancies. No unique identifying features stand out to decisively differentiate them, maintaining high confidence in the same object conclusion."
scene3_1,scene3_2,red,blue,None,False,False,0.7,"Upon closer inspection, while the objects are in similar locations, there is a subtle difference that could indicate they are not the same. The slight tilt or angle seen in the second image within the blue box suggests a different position or arrangement compared to the red box in the first image. Given that the shelf setup remains unchanged, this difference affects the judgment, indicating they might not be the same object."
scene3_1,scene3_2,red,green,None,True,False,0.75,"Upon closer examination, the angles and lighting slightly differ, and there is a noticeable rotation in the object in the green box compared to the red box. This subtle change might indicate they are different instances. Although they appear identical in type, the rotation suggests they might not be the exact same object. The environment and setup are consistent, but this detail lowers confidence in them being the exact same object."
scene3_1,scene3_3,red,blue,None,False,True,0.95,"The objects are positioned on similar shelves with the same background and adjacent items. Both objects appear to be cylindrical and have similar lighting and shading, implying consistent material and color. The context and identical appearance strongly suggest they are the same object, accounting for any minor observational subtleties."
scene3_1,scene3_3,red,green,None,True,True,0.8,"Upon closer examination, the objects within the specified regions in both images retain the same basic cylindrical shape and color, suggesting they are similar objects, likely glasses or cups. The arrangement on the shelf is consistent, but subtle differences in lighting or angle might slightly alter appearances. However, there are no unique identifying features that clearly differentiate the objects, leading to the conclusion that they are likely the same, but with slightly reduced confidence in case of any minor overlooked details."
scene1_1,scene1_2,red,blue,color,False,True,0.8,"Upon closer inspection, the chairs in both images appear essentially identical. They have the same overall design: the structure, style of the backrest, and armrests. The color remains consistent across both images, indicating they are likely the same object. However, subtle lighting or angle changes could create slight visual discrepancies, but these are not enough to strongly indicate they are different objects. Given the consistent color and design, they most likely represent the same object."
scene1_1,scene1_2,red,green,color,True,True,0.9,"Upon further review, the chairs in both images have the same design characteristics, including the backrest style and the armrest construction. The color of the wood and the overall form align closely in both images. The lighting and angle changes do not significantly alter my initial assessment. While minor perspective variations exist, they do not provide enough evidence to claim the objects are different. The consistent design and color strongly indicate they are the same object."
scene1_1,scene1_3,red,blue,color,False,True,0.9,"Upon closer examination, the chairs in the red and blue boxes appear to be of the same type and design, both featuring a wooden structure with armrests. There are no visible distinguishing marks or differences that suggest they are different objects, with only their positioning relative to the table and other parts of the room consistent between images. The consistent style and color across both images support the determination that these are the same chairs. Any subtle variations in lighting or angle don't appear significant enough to impact this conclusion."
scene1_1,scene1_3,red,green,color,True,True,0.9,"Upon further inspection, the chairs in both images maintain matching characteristics, including the color, design, and structure of the backrest and armrests. The primary feature considered is the color, which appears consistent between the two images, supporting the conclusion they are the same object. The room setting and table positioning also align, reinforcing the likelihood they are the same chair. However, subtle differences in lighting or perspective might cause small perceived differences, slightly affecting the confidence score."
scene2_1,scene2_2,red,blue,color,False,False,0.95,"Upon careful review, the object in Image 1 (red box) has a yellow label, while the object in Image 2 (blue box) has a pink label. The main identifying feature—label color—is different, strongly indicating they are different objects. No other shared unique features were observed that could suggest they are the same."
scene2_1,scene2_2,red,green,color,True,True,0.9,"Upon further review:

1. **Subtle Details:**
   - The key feature is the color in the central part of the cassette, which is yellow and consistent in both images.

2. **Potential Differences:**
   - The overall shape and dimensions align well, as do the markings on the tape indicating it’s likely the same object.

3. **Unique Identifying Features:**
   - The alignment of arrows and the overall design pattern match precisely, suggesting they are indeed the same cassette.

Given these observations, the objects in the specified regions are very likely the same, increasing confidence to 0.9."
scene2_1,scene2_3,red,blue,color,False,False,0.6,"Upon closer inspection, while both objects are VHS tapes and share similar overall shape, the label color and design on the central part differs subtly. The tape in the red box (Image 1) and the tape in the blue box (Image 2) may have minor differences in label color or markings, indicating they are not identical. As these details are key to identifying uniqueness, I am less confident they are the same, thus revising the confidence score to 0.6 and concluding they are likely not the same object."
scene2_1,scene2_3,red,green,color,True,True,0.9,"Upon reevaluation, the objects in both images remain consistent in their key characteristics. The highlighted regions in both images show a black object with a yellow label and black arrows, suggesting a VHS tape or similar item. The shelf positioning is identical, further supporting the conclusion. No significant differences or unique identifying features have been overlooked that would alter the initial assessment."
scene3_1,scene3_2,red,blue,color,False,False,0.85,"Upon closer inspection, the objects in the specified regions have slight differences that might affect the judgment. In Image 2, the object in the blue box seems to have a tilt that is not present in Image 1's red box object, suggesting a potential difference in orientation or placement. While the color and shape are similar, this tilt could indicate they are not the same object. Without unique identifying features such as labels or markings, it's challenging to definitively determine they are the same, leading to a revised assessment."
scene3_1,scene3_2,red,green,color,True,False,0.6,"Upon closer examination, the objects have subtle differences that are apparent in their shapes or orientations, which could imply they are not the same. While the general color and design are similar, these variations suggest they could be different objects. Without distinct features to unequivocally prove they are the same, the confidence score is reduced."
scene3_1,scene3_3,red,blue,color,False,True,0.8,"On closer inspection, both objects are glasses that share the same basic shape and color, which is a light grey or white. They are placed in a similar context on a shelf with other similar items. The primary focus is on color, which seems consistent between the two images, supporting the conclusion that they are likely the same object. However, since the angles may vary slightly, there's a small chance of differences not visible in the images, slightly affecting confidence."
scene3_1,scene3_3,red,green,color,True,False,0.75,"Upon closer inspection, the objects' positions within their respective images suggest they might be different despite the similar color. The subtle differences in shape or other attributes are difficult to discern, but the context and placement may imply different objects. Thus, I would reassess the confidence and state they are not the same object."
scene1_1,scene1_2,red,blue,"color, orientation and location",False,True,0.85,"On further inspection, the chairs in both images appear to have the same design, color, and general orientation. The position relative to the table is consistent, suggesting they are likely the same object. However, the slight change in perspective and lighting may obscure minor details, leading to a marginal reduction in confidence. There are no unique identifying features that suggest they are not the same object."
scene1_1,scene1_2,red,green,"color, orientation and location",True,True,0.95,"Upon closer inspection, the chairs in both images appear to be the same. They have identical color and design, including the same style of armrests and backrest panels. The angle and perspective change between images could account for slight visual differences, but the consistency in design and overall placement strongly suggests they are the same object. The room setting also matches, supporting this conclusion. A higher confidence score of 0.95 reflects the consistent features matching across both images."
scene1_1,scene1_3,red,blue,"color, orientation and location",False,True,0.85,"Upon further review, the chairs in both images share the same structural elements and color, which indicates they are likely the same object. Differences in perspective and lighting could account for any perceived discrepancies. There are no unique identifying features that definitively differentiate them; thus, they are likely the same object despite the change in angle."
scene1_1,scene1_3,red,green,"color, orientation and location",True,True,0.95,"Upon closer inspection, the objects retain the same distinctive features. 

1. **Color and Material:**
   - Both chairs have the same brown color and appear to be made from the same material.

2. **Design Details:**
   - The structural components, such as the backrest and armrests, are identical, indicating they are the same type of chair.

3. **Position in Relation to Table:**
   - Both chairs are positioned next to the same table, relative to their positioning in both images. The angles are slightly different, but overall alignment with the table suggests a match.

4. **Environmental Consistency:**
   - The flooring and wall background are consistent in both images, supporting the idea that it's the same setup.

There are no unique identifying features that would definitively disprove the objects being identical. The consistency in design and setting contributes to a high confidence that they are the same object."
scene2_1,scene2_2,red,blue,"color, orientation and location",False,False,0.6,"Upon closer inspection, there seem to be subtle differences in the markings on the objects. The object in the blue box has a distinct red marking whereas the object in the red box appears to have a yellow or gold marking. These differences in color markings are significant distinguishing features, suggesting they are different objects despite other similarities in shape and orientation. Therefore, they are likely not the same object."
scene2_1,scene2_2,red,green,"color, orientation and location",True,True,0.95,"Upon reviewing both images, the object in the red box in Image 1 and the green box in Image 2 appear to be identical. Both tapes have a similar design with arrows and a yellowish color. Their position on the shelf remains consistent. The identical design and placement confirm they are the same object."
scene2_1,scene2_3,red,blue,"color, orientation and location",False,True,0.95,"Upon re-evaluation:

1. **Shape and Color**:
   - Both objects have a similar black casing with a distinctively white or cream label, indicative of a tape.

2. **Label Details**:
   - The labels appear to have a similar design or markings, further suggesting they are the same.

3. **Orientation and Placement**:
   - The object in the red box (Image 1) and the blue box (Image 2) both lie flat with the label facing outward.
   - Despite the change in location, from the shelf in Image 1 to the table in Image 2, the appearance, orientation, and context remain the same.

4. **Contextual Elements**:
   - In both images, other objects like the globe and papers are present in consistent arrangements, which supports the idea that the object was simply repositioned.

The consistent characteristics, particularly the label and overall presentation, strongly indicate it is the same object that has been moved. Thus, I remain confident the two images depict the same object."
scene2_1,scene2_3,red,green,"color, orientation and location",True,True,0.9,"Upon further analysis, the object in the red box in Image 1 and the object in the green box in Image 2 appear to be the same. They both have a similar color pattern with a light label or design in the middle. The size and position on the shelf are consistent in both images. There are no notable differences that would indicate these are different objects. The environment and lighting are also consistent, further supporting the identification."
scene3_1,scene3_2,red,blue,"color, orientation and location",False,False,0.6,"1. **Subtle Details:**
   - A closer inspection reveals that the object in Image 1 (red box) and the object in Image 2 (blue box) have almost the same characteristics, but this alone doesn't confirm they are the same.

2. **Object Differences:**
   - In Image 2, a second object (green box) is introduced, which potentially indicates that the objects might not be the same in each image.
   - Shift in viewing perspective or arrangement could suggest the objects are different. There's a slight tilt in the position of the object in the blue box compared to the more upright orientation in the red box.

3. **Unique Identifying Features:**
   - There are no specific markings or unique features that definitively identify the objects as being the same.
   - The introduction of an additional glass in Image 2 suggests multiple similar objects in different positions.

Based on reassessment, potential differences in orientation and the presence of additional objects lead to the conclusion that they might not be the same specific object. Therefore, the confidence in them being the same object is reduced to 0.6 and I conclude they are not the same object."
scene3_1,scene3_2,red,green,"color, orientation and location",True,True,0.95,"Upon closer inspection, the object in the red box of Image 1 and the object in the green box of Image 2 appear very similar in color and shape. Both objects are situated on the same shelf at the same height relative to the other objects around them. The initial perceived tilt in the second image might be due to the angle or perspective of the image. Therefore, they are likely the same object."
scene3_1,scene3_3,red,blue,"color, orientation and location",False,False,0.85,"Upon closer inspection, the objects in the red box (Image 1) and blue box (Image 2) are in similar environments but differ in orientation. The object in the blue box in Image 2 is aligned differently compared to the object in the red box of Image 1. This difference suggests they might not be the same object. Additionally, the visibility of surroundings in Image 2 could slightly affect the consistency check, leading to uncertainty in the exact positioning of these objects."
scene3_1,scene3_3,red,green,"color, orientation and location",True,True,0.9,"Upon close examination, both objects are white cylinders positioned similarly on the shelf, with no apparent distinguishing marks or variations in size, shape, or color. Despite the subtle angle change in the images, there are no unique features that suggest they are different objects. The consistent shelving and context support that they are the same."
scene1_1,scene1_2,red,blue,"color, shape",False,True,0.9,"Upon closer inspection, the chairs in both images appear to have the same distinctive design elements such as the straight, simple backrest and armrests, and a similar brown wooden material. There are no noticeable differences in structure or design that suggest they are different. The consistency in color and design reinforces the conclusion that they are the same object. However, subtle differences in lighting and angle do exist, slightly lowering confidence."
scene1_1,scene1_2,red,green,"color, shape",True,True,0.95,"Upon re-evaluating the images, the objects in question are both wooden chairs featuring identical design elements. Both chairs have a similar backrest structure with horizontal slats, identical armrests, and wooden legs. The color and texture also match perfectly. No distinct or unique identifying marks differentiate them, supporting the conclusion that they are the same object. Despite potential changes in angles or lighting, these subtle details align closely enough to affirm the initial assessment."
scene1_1,scene1_3,red,blue,"color, shape",False,True,0.85,"Upon closer examination:

1. **Color**: The chairs in both images appear to share the same brown wood tone, indicating a likely match in material.

2. **Shape and Design Details**: The backrest, armrests, and seat design are consistent between both chairs, with no visible unique elements that differentiate them.

3. **Perspective**: The perspective and angle differ slightly, but the structural elements remain consistent, such as the backrest slat count and thickness of the legs.

4. **Positioning**: Both are placed next to a similar table, supporting the assumption of similar function and possibly identical model.

Given these considerations, the chairs are likely the same object or at least the same model, with no unique differentiating features present in the perspectives provided.

Confidence score is adjusted slightly to 0.85 to account for any unseen aspects due to different angles, though the likelihood remains high."
scene1_1,scene1_3,red,green,"color, shape",True,False,0.85,"Upon closer inspection, the chairs in the images have some subtle differences. The back support of the chair in Image 1 (red box) seems to have a different slat design compared to the chair in Image 2 (green box). These differences, although subtle, suggest they are not identical. The color and general style are similar, but these specific design features lead to lower confidence in them being the same object."
scene2_1,scene2_2,red,blue,"color, shape",False,False,0.95,"Upon review, the key distinguishing feature is the color of the labels on the objects; the object in Image 1 has a yellow label, while the object in Image 2 has a pink label. This difference in label color is a definitive indicator that they are not the same object, despite having a similar shape as cassette tapes. No other unique identifying features suggest they are the same."
scene2_1,scene2_2,red,green,"color, shape",True,True,0.9,"Upon closer inspection, both objects are cassette tapes with identical shapes and a yellow label in the center. There are no noticeable differences in other features such as casing color or markings that would differentiate them. The design and details appear consistent between the objects in the specified boxes across both images. This consistency supports a conclusion that they are the same object, with a slightly adjusted confidence score of 0.9 after re-evaluation."
scene2_1,scene2_3,red,blue,"color, shape",False,True,0.95,"Upon further inspection:

1. **Subtle Details:** 
   - Both objects have the same central lighter area, displaying a similar layout, which is typical for VHS tapes. This uniformity is a consistent giveaway for similar objects.

2. **Potential Differences:** 
   - There do not seem to be significant dissimilarities in proportion, shape, or marking style between the two areas that would suggest they are different objects. The only variation is the placement in the room, but this does not impact the object's characteristics.

3. **Unique Identifying Features:**
   - The design and placement of the label or lighter area on both objects are consistent, which is a unique indicator particular to these items.

Given these considerations, the confidence score is increased to 0.95. The objects in the specified regions appear to be the same based on color, shape, and label placement."
scene2_1,scene2_3,red,green,"color, shape",True,True,0.9,"Upon further examination, both objects within the specified regions are indeed the same. They have identical shapes and labels and are positioned consistently on the shelf. The lighting and perspective of the images provide clear enough angles to support that they are the same object. There are no unique identifying features that prove otherwise. Therefore, my conclusion remains that they are the same object, with a confidence score slightly adjusted to 0.9 due to the need for careful scrutiny."
scene3_1,scene3_2,red,blue,"color, shape",False,True,0.85,"Upon closer inspection, both objects have the same shape, color, and orientation. They are cylindrical gray objects located on the same shelf position. There are no distinct markings or features to suggest they are different. However, slight differences in lighting or angle between the images might affect appearance subtly, but overall, these differences don't outweigh the similarities."
scene3_1,scene3_2,red,green,"color, shape",True,True,0.8,"Upon further review, both objects appear to be cylindrical items, possibly cups or glasses, with a similar gray coloration. The placement and environment are the same, which supports the likelihood they are the same object. However, slight differences in lighting or perspective might create minor discrepancies. These subtle differences are not significant enough to confidently declare them different objects."
scene3_1,scene3_3,red,blue,"color, shape",False,True,0.9,"Both objects have the same cylindrical shape and appear to be the same color. They are both placed in similar positions within the shelving unit. There are no distinct visible features or markings that would differentiate them, suggesting they are the same type of object, likely a glass. The environment is consistent across both images, supporting the conclusion that they are the same object."
scene3_1,scene3_3,red,green,"color, shape",True,False,0.75,"Upon closer inspection of the images, reevaluating the context and appearance of the objects reveals some subtle differences that may have been overlooked initially:

1. **Shape & Dimension**: The objects in the two images, while similar, aren't identical. The object in the green box appears slightly taller and narrower than the one in the red box, suggesting they might not be the same glass or container.

2. **Color & Reflection**: The lighting and angle of the images can affect the perceived color, but slight variations may exist in how light reflects on the surfaces, indicating potential material differences.

3. **Position & Context**: Both objects are indeed placed on a similar shelf environment, which initially suggested they were the same. However, their relative positioning suggests they might be different objects stored on the same shelf.

4. **Unique Identifying Features**: There are no distinct markings or features visible in these images to conclusively identify them as the same object.

Given these observations, my updated conclusion is that they are likely not the same object. The potential variances in shape and size significantly lower the certainty of them being identical objects. Therefore, a lower confidence level is now given to the notion that these objects are indeed the same."
scene1_1,scene1_2,red,blue,"color, shape, orientation and location",False,True,0.9,"Upon closer inspection, both chairs have the same design features, including the structure of the backrest and armrests, as well as uniform color. The orientation relative to the table is also consistent between the two images. Although subtle differences in lighting might give slight visual variations, there are no unique identifying features that suggest they are different objects. Thus, it's very likely they are the same object, although the different angles introduce slight uncertainty."
scene1_1,scene1_2,red,green,"color, shape, orientation and location",True,True,0.75,"Upon closer inspection, both objects are chairs with similar dark brown coloring and wooden slat designs on the backrest. The orientation of the chairs in relation to the table is consistent, suggesting they are the same object viewed from different perspectives. However, subtle differences in lighting and angle may create slight visual discrepancies. No unique distinguishing features are evident that would definitively separate these objects. Therefore, while there are minor uncertainties, it's still more likely they are the same object, warranting a slight adjustment in the confidence score."
scene1_1,scene1_3,red,blue,"color, shape, orientation and location",False,True,0.85,"Upon closer inspection, the chairs in both images maintain a consistent design, including the backrest, arms, and seat shape. While the perspectives are different, both chairs share similar proportions and wood coloring which are characteristic of the same object. The main challenge is the slight variance in perspective and potential subtle details that might not be visible due to the image angles, but the overall characteristics such as shape, structure, and appearance strongly suggest they are the same object."
scene1_1,scene1_3,red,green,"color, shape, orientation and location",True,True,0.9,"Upon further review, the chairs in both images have the same brown color and appear to have the same design. They are positioned similarly relative to the table, which also suggests that they are likely the same chair viewed from slightly different angles. There are no visible unique markings or significant differences in design or placement that would suggest they are different objects. Therefore, the analysis remains consistent that they are the same object, with a high confidence score, given the similar attributes and context within the room."
scene2_1,scene2_2,red,blue,"color, shape, orientation and location",False,True,1.0,"Upon a closer examination, the object in the red box from Image 1 and the object in the blue box from Image 2 are indeed the same based on several consistent features:

1. **Shape and Dimensions**: Both objects have the same general shape, which is a standard rectangular cassette form.
   
2. **Color and Labeling**: Although initially perceived differently, a careful look reveals that both cassettes have a light label on one end and a dark colored body. The apparent change in lighting or image quality may have influenced the perceived color difference before.

3. **Unique Label Pattern**: The label on both cassettes has a distinct marking, and their labeling edges with triangular arrows seems consistently aligned in both images.

4. **Location**: They are found in the same relative position on the shelf. This alignment in placement indicates the object's identity is constant between the images.

Upon reviewing these elements comprehensively, the object in the red box from Image 1 and the object in the blue box from Image 2 appear to be the same object, leading to an updated conclusion with utmost certainty."
scene2_1,scene2_2,red,green,"color, shape, orientation and location",True,True,0.9,"The objects in the specified regions appear very similar, both being tapes with yellow labels and similar symbols. The tape is in the same position on the shelf in both images, supporting that they are the same object. However, subtle differences in lighting or angle might affect the perception, but no unique features suggest a difference. Based on the visible information, the objects seem to be the same."
scene2_1,scene2_3,red,blue,"color, shape, orientation and location",False,False,0.7,"Upon a closer look, subtle details indicate differences that suggest these are not the same object. In Image 1, the object in the red box has distinctive features on its label that differ slightly from the object in the blue box in Image 2. The minor differences in label design could indicate these are not identical despite similar shape and color. Without more distinct identifying features, there's doubt about them being the same object."
scene2_1,scene2_3,red,green,"color, shape, orientation and location",True,False,0.8,"Upon closer inspection, while the objects in both images share a similar general shape and type as VHS tapes, there are subtle differences in positioning. In Image 1, the tape is positioned towards the left on the shelf, while in Image 2, it is further to the right, suggesting a potential movement or a different object placement. Additionally, subtle details like any specific markings or reflections might differ, affecting the judgment. These differences lead to the conclusion that they might not be the exact same object, lowering the confidence score slightly."
scene3_1,scene3_2,red,blue,"color, shape, orientation and location",False,False,0.8,"Upon closer inspection, consider that there are subtle differences that might have been overlooked initially. In the second image, the blue-boxed object is oriented slightly differently compared to the red-boxed object in the first image. Also, the presence of an additional object to its left in the second image could indicate a difference in positioning or rearrangement. Without any unique identifying marks on the objects themselves, the possibility of them being moved or being different objects is more plausible. As such, the confidence score has been adjusted accordingly, and they are likely not the same object."
scene3_1,scene3_2,red,green,"color, shape, orientation and location",True,True,0.7,"Upon closer inspection, the objects in both images are glasses. They have a similar color and shape, suggesting they might be the same. The environment, such as the shelf and wall tile, also appears identical, supporting the likelihood of them being the same object. However, the angle and perspective slightly differ, which could cause minor discrepancies. Overall, no unique features identify them as distinctly different."
scene3_1,scene3_3,red,blue,"color, shape, orientation and location",False,True,0.75,"Upon closer inspection, both objects are white and cylindrical, positioned similarly on a shelf in a consistent setting. Although the lighting and angle differ slightly between the images, these variations are minor. There are no unique identifying features in terms of pattern or significant distinct markings that indicate they are not the same. Therefore, it's likely they represent the same or identical objects placed in the same location."
scene3_1,scene3_3,red,green,"color, shape, orientation and location",True,False,0.7,"Upon closer inspection, the objects appear similar in color and shape, but they differ in their placement relative to other objects. The red-boxed object in Image 1 is placed slightly more to the right compared to the green-boxed object in Image 2. While the differences are subtle, the distinct positions relative to other items suggest they might not be the same object. Unique identifying features are not definitive, leading to a lower confidence score."
scene1_1,scene1_2,red,blue,orientation and location,False,False,0.6,"Upon closer inspection, the chairs in the red and blue boxes appear similar in design and color but may not be the same object. The key difference lies in the positioning and orientation — in the first image, the chair backs are more parallel to the edge of the table, while in the second image, the blue-boxed chair is positioned differently, suggesting it might be a separate chair. Without unique identifying features, such as distinctive markings or defects, this analysis leans towards them being different objects due to differing orientations."
scene1_1,scene1_2,red,green,orientation and location,True,False,0.6,"Upon closer examination, there are additional details that suggest the chairs might not be the same despite initial similarities:

1. **Subtle Differences in Chair Design:**
   - The visible details in the design of the backrests and supports show slight differences in each image which weren't initially apparent. These variations could indicate different chairs of similar styles.

2. **Object Positioning and Shadowing:**
   - While the orientation seems similar, the positioning relative to other objects like the table might differ slightly, suggesting different chairs or the same type repeated in a different part of the scene.

3. **Unique Identifying Features:**
   - There might be specific carvings, wear, or other alterations in the wood that could differentiate them, but the images lack sufficient resolution to confirm these details.

4. **Perspective and Angle Differences:**
   - The angle of the room depicted does not conclusively prove they are the same chair and might contribute to the perception of sameness by obscuring distinctive features.

Given these considerations, the conclusion is adjusted to reflect that the chairs are likely not the same. The confidence score is moderated to 0.6 due to some persisting similarities but distinct possibilities of difference."""
scene1_1,scene1_3,red,blue,orientation and location,False,True,0.85,"Upon reevaluating the images:

1. **Object Design and Structure**:
   - Both chairs have the same backrest pattern, armrest shape, and seat design based on the view provided.

2. **Position relative to the Table**:
   - Each chair's position concerning the table in both images is closely similar.
   - Both chairs are placed around a similar-looking table, contributing to the assumption that these two images might showcase the same scenario from slightly different angles. 

3. **Potential Differences**:
   - The angle and lighting in the images may differ slightly, which might make a few features seem subtly different due to shadows or perspective distortion.
   - No visible unique identifiers are present to definitively disprove they are the same; however, the uniformity of the furniture could suggest consistency.

4. **Conclusion**:
   - The consistency in design, positioning, and lack of overt differences support the claim that the chairs in both images are likely the same. The high similarity in context and surroundings also adds to this conclusion.

Given the analysis, it's reasonable to assert that they are the same object, with a confidence reduced to 0.85 based on the minor points and lack of unique identifiers."
scene1_1,scene1_3,red,green,orientation and location,True,True,0.9,"Upon closer inspection, the chairs in both images share the same design and color. The positioning and context around a similar table are also consistent. Minor differences might be due to angle or lighting, but without any distinct variations in design or color, they are likely the same object. The environment and layout contribute significantly to this conclusion."
scene2_1,scene2_2,red,blue,orientation and location,False,False,0.75,"Upon a detailed reevaluation:

1. **Subtle Details**
   - **Label Color:** In the red box of Image 1, the label on the cassette appears to be yellowish. In contrast, the label in the blue box of Image 2 seems to have a pinkish hue.
   - **Label Details:** Careful scrutiny suggests that the symbols or markings on the labels might slightly differ, though the images aren't entirely clear.

2. **Potential Differences Impact**
   - **Color Differences:** The variation in the color of the labels is a substantial factor, as slight deviations could indicate different objects or versions of the same object.
   - **Symbolic Representation:** Although not evidently clear due to pixelation or distance, any change in these symbols may denote different designations or functionalities previously overlooked.

3. **Identifying Features**
   - **Label and Color Coding:** The most distinguishable features are the color and any markings on the labels. In the given image context, these provide an explicit indication of object identity.
   - The consistent shape and overall design may tempt one into assuming parity; however, color variance on labels acts as a unique identifier.

Upon reconsideration, there are enough subtle differences, specifically in label color, to conclude that the objects are likely not the same. My updated analysis suggests these are different objects based on visual disparities."
scene2_1,scene2_2,red,green,orientation and location,True,True,0.8,"Upon closer inspection, both objects share similar characteristics such as shape, color, and labeling with arrows. They are positioned on the same shelf location in both images. Subtle details like the exact placement and environment consistency further confirm they are likely the same object, despite potential slight variations in angle or lighting. Unique features such as the label design help to identify them. The consistency in these details supports the conclusion that they are the same object, though there is room for minor uncertainty due to possible changes in perspective."
scene2_1,scene2_3,red,blue,orientation and location,False,False,0.7,"Upon closer examination, the objects in the specified regions have similar appearances but their positions and context have changed significantly. In Image 1, the object in the red box is on the upper shelf, while in Image 2, the object in the blue box is on the lower table. The main potential differentiator is their location and subtle variations in lighting or reflections. Without unique identifying marks visible, these differences lead to the possibility that they are not the same object despite their visual similarity."
scene2_1,scene2_3,red,green,orientation and location,True,False,0.8,"Upon closer inspection, although the objects in both images are similar in shape and position, the object in the red box in Image 1 slightly differs in orientation from the object in the green box in Image 2. Specifically, the angle appears subtly different. This difference suggests that while they look very similar, they may not be the same object, or the object might have been repositioned between shots. Unique identifying features like labels and exact positioning lead to this updated conclusion."
scene3_1,scene3_2,red,blue,orientation and location,False,False,0.7,"Upon closer examination, while both objects are cylindrical and appear in similar positions on the shelf, the orientation differs slightly. In the second image, there appears to be a shift in the arrangement of the objects, possibly indicating a different object being considered. The presence of these differences suggests they might not be the exact same object."
scene3_1,scene3_2,red,green,orientation and location,True,False,0.8,"On closer inspection, both objects in the red and green boxes appear to be glasses on the same shelf. However, the orientation of the object in the green box in Image 2 is noticeably tilted, while the object in the red box in Image 1 is upright. This change in orientation suggests that they might not be the same object or might have been moved between shots, altering their position slightly. This distinction leads to a decreased confidence in them being the same object."
scene3_1,scene3_3,red,blue,orientation and location,False,False,0.75,"Upon closer inspection and deeper analysis, some subtle but critical details suggest the two objects might not be identical:

1. **Subtle Dimensional Differences**:
   - The object in the red box (Image 1) appears slightly more prominent or raised compared to the one in the blue box (Image 2). This could be due to the object's base being slightly different or more tapered in one image.

2. **Potential Differences in Color/Shadowing**:
   - The lighting and shadows may present a subtle difference in the tone of the objects. The object in the red box might appear slightly brighter or differently shaded than the object in the blue box.

3. **Placement and Orientation**:
   - There is a positional discrepancy; in Image 2, the object's orientation towards the object's edge may differ minutely when compared to Image 1. The exact alignment between other objects around it suggests a different placement.

4. **Lack of Unique Identifying Marks**:
   - Both objects are devoid of any distinct or unique identifiers, and minor variations could easily be overlooked.

5. **Environmental Context**:
   - Even though surrounding objects remain similar, the slight variation in their arrangement adds to the ambiguous nature of this comparison.

Given these finer details, there is some uncertainty resulting in a revised judgment that the objects, while similar, might not be exactly the same. Thus, the conclusion is shifted to a cautious indication of possible difference."
scene3_1,scene3_3,red,green,orientation and location,True,False,0.6,"Upon closer examination of both images:

1. **Shape and Position:**
   - In both images, the objects within the red and green boxes appear to be cylindrical glasses, but their position on the shelf makes them suspect of being different.

2. **Shelf Placement:**
   - The object in the red box (Image 1) is positioned to the right of the leftmost glass on the top shelf.
   - The object in the green box (Image 2) seems to be at the same location.

3. **Surrounding Objects:**
   - The configurations of surrounding objects (like other glasses and plates) appear slightly different, indicating rearrangement or potential oversight in initial observation.

4. **Unique Features:**
   - There are no distinct markings or unique features visible on the objects that can confirm definitively whether they are the same or different, leading to potential errors in initial comparison.

5. **Confidence Adjustment:**
   - Upon revisiting all visual aspects and contextual clues present in both images, the subtle inconsistencies suggest they might not be the exact same object. While the perspective and lighting may cause confusion, differences in glass positioning relative to other items could impact judgment.

Given these observations, I revise the conclusion to reflect the possibility of these being different instances or positions of a similar object, lowering the confidence score. The objects potentially originate from the same set but are not necessarily the exact same glass."
scene1_1,scene1_2,red,blue,shape,False,True,0.85,"1. **Subtle Details**: Upon closer inspection, both chairs have an identical structure in terms of the backrest, armrests, and seat. Any minor differences might be due to lighting or shadow effects.

2. **Differences**: There's no significant difference in the shape or prominent features that would suggest they are different objects. The alignment and positioning with respect to the table are consistent.

3. **Unique Features**: The backrest and armrest design remain identical across both images, indicating that they are the same object. No distinct differences are observed that would point towards them being separate pieces.

Overall, given these observations focusing on unique and similar features, the objects appear to be the same, but considering potential lighting effects, the confidence is adjusted to 0.85. The consistency in structure and shape strongly supports they are the same object in both images."
scene1_1,scene1_2,red,green,shape,True,True,0.9,"Upon closer examination, the chairs in both images have identical shapes, with features such as the armrests, backrest, and legs being consistent. The positions and proportions match accurately. There are no unique identifiers suggesting they are different, and no subtle differences affecting the judgment, so they are the same object."
scene1_1,scene1_3,red,blue,shape,False,True,0.85,"Upon reviewing the images more carefully, several aspects have been considered:

1. **Visual Characteristics**:
   - **Shape**: Both chairs have the same structural shape with rectangular backrests and square seats. The side rails and legs also appear to be similar in both images.
   - **Design Details**: The armrests are straight and the chairs are composed of simple wooden slats, both in the same manner. 
   - **Proportions**: The proportions of the chair elements (such as the size of the backrest relative to the seat) match closely.

2. **Potential Differences**:
   - **Perspective and Lighting**: Slight differences in color or shading might be due to lighting and viewing angle.
   - **Assembly Variance**: No elements seem to be unique to one image, such as additional features or missing parts.

3. **Unique Features**:
   - **Lack of Distinct Markings**: No unique carvings or details are visible in either chair to decisively match or differentiate them.

Given the similarity in design and lack of distinct discrepancies, the chairs are most likely the same object. However, due to potential variances in manufacturing or perspective, there's a slight margin for error in this analysis."
scene1_1,scene1_3,red,green,shape,True,True,0.9,"Upon reviewing the images, it appears that the objects in both the red box in Image 1 and the green box in Image 2 are similar armchairs. Both have a similar shape, design, and features such as the backrest and armrests. While there could be subtle differences due to lighting or angle, there are no unique identifying features that clearly differentiate them as separate objects. The chairs appear to be consistent in style and color. Thus, it is likely they are the same object, with a high confidence score of 0.9."
scene2_1,scene2_2,red,blue,shape,False,True,0.95,"Upon further review of the images, focusing on detailed observations:

1. **Shape and Structure:**
   - Both objects share the same overall shape and structure typical of a cassette tape. The tapering ends and the rectangular design are consistent in both images.

2. **Label Color:**
   - Both objects have a yellow label with similar markings in the middle. Initially, lighting may have caused confusion, but they appear the same upon closer inspection.

3. **Unique Identifying Features:**
   - Both tapes have a similar label design, which is integral for identification. The differences perceived earlier might have been due to lighting or angle inconsistencies.

4. **Environmental Context:**
   - The objects are in similar positions on the shelf, suggesting they are likely intended to be the same tape in both contexts.

Given this re-evaluation, with an emphasis on label consistency and contextual clues, I'm **95% confident** that these are indeed the same object."
scene2_1,scene2_2,red,green,shape,True,True,0.95,"Upon closer inspection, the objects in the specified boxes deviate mainly in color markings, which could result from differences in lighting or angle. The shape of the objects is distinct and consistent between both images, indicating they are likely the same object type. The positioning and design are unique identifiers, reaffirming the conclusion with a higher confidence score of 0.95."
scene2_1,scene2_3,red,blue,shape,False,False,0.8,"Upon closer inspection, there are subtle but significant differences between the objects in the specified regions of the two images:
1. **Label Differences**: In Image 1, the object in the red box has a label with a distinct pattern featuring a rectangle with intersecting triangles or 'X' in the middle. The object in the blue box from Image 2, however, does not show such a prominent pattern clearly.
   
2. **Position and Orientation**: While both tapes have a similar shape, the orientation (front face visibility) might differ slightly.

3. **Lighting and Texture**: While difficult to deduce definitively due to lighting differences, the color contrasts slightly point towards potential discrepancies in textures, possibly indicating distinct objects.

4. **Contextual Positioning**: The positioning of other items around the objects, like distance from the globe and alignment with papers, suggests they might not be the same object moved but could be similar types placed in different settings.

Given these distinctions, it's more reasonable to conclude that, despite the similarities in shape and overall appearance, these are not the same object, with a medium degree of certainty based on available visual clues."
scene2_1,scene2_3,red,green,shape,True,False,0.8,"Upon closer examination, the VHS tapes appear to have slightly different labeling. In the first image (red box), the label appears to have specific markings or symbols that are not identical to those in the second image (green box). This subtle difference in labeling suggests they may be different objects, despite the similarity in shape and type. The context and lighting remain consistent, but the unique features on each label lean towards them being different objects."
scene3_1,scene3_2,red,blue,shape,False,True,0.95,"Upon further analysis, the objects in both images appear to be identical in shape and context. Both are rectangular objects positioned similarly on the shelf. Any differences in appearance can be attributed to lighting and angle. There are no unique identifying features that suggest they are different objects. The consistent environment and arrangement reinforce the conclusion that they are the same object."
scene3_1,scene3_2,red,green,shape,True,True,0.7,"Upon re-evaluating the images, the following observations can be made:

1. **Shape Consistency:** The cylindrical shape remains consistent between the objects highlighted in the red and green boxes in both images, suggesting they are the same type of object, likely a glass.

2. **Position and Spacing:** In both images, the object's position on the shelf is similar, aligned among other identical objects, which supports them being the same type of item.

3. **Potential Differences:** Without any discernable details or distinctive marks such as logos or variations in height and width, it is difficult to differentiate between identical objects.

4. **Lack of Unique Features:** No distinguishing features such as unique patterns or defects indicate that these could be different.

Due to the lack of unique identifiers and the consistent shape and placement, there is a moderate level of confidence that the objects are the same, but a slight possibility of variation cannot be entirely dismissed."
scene3_1,scene3_3,red,blue,shape,False,True,0.8,"Upon closer inspection, both objects have a cylindrical shape typical of drinking glasses. The lighting and angle between the two images might cause slight visual differences, but no unique features suggest they are different. The overall context, position on the shelf, and repetitive design in the setting support the conclusion that these are the same type of object. Therefore, they are likely the same object, with a slightly reduced confidence score of 0.8 due to minor visual variations."
scene3_1,scene3_3,red,green,shape,True,True,0.9,"Upon closer examination, the object in both images maintains the same rectangular and cylindrical features typically associated with a standard cup design. There are no significant differences in angle or shape that could indicate these are different objects. Although details such as color and texture are harder to discern, the consistency in shape across both images strongly suggests they are the same object. Unique identifying features remain constant, supporting this conclusion."
scene1_1,scene1_2,red,blue,"shape, orientation and location",False,False,0.8,"Upon closer inspection, while the chairs in both images have similar designs, there are subtle differences. The orientation is slightly different, and although they are similar in style, the alignment in relation to the table is different in each image. Such differences suggest they might not be the exact same object but rather similar chairs positioned slightly differently."
scene1_1,scene1_2,red,green,"shape, orientation and location",True,False,0.6,"Upon closer inspection, there are regions in both images that suggest differences in the objects in question:

1. **Subtle Shape Variations:** 
   - Image 1 shows a chair within the red box that appears to have a slightly more bulky backrest than the chair in Image 2's green box. 
   - The leg of the chair in Image 1 seems to have a consistent width with slight tapering at the top, while the chair in Image 2 appears straighter and possibly slightly more defined.

2. **Positioning and Placement:**
   - In relation to the table, both chairs seem to appear in roughly similar distances from the edge, but a minor difference in height could indicate alternation.

3. **Material and Color Tone:** 
   - Although both chairs share a similar wooden design, the wood's tone in the second image might differ slightly due to lighting or angle, which can sometimes mislead.

4. **Unique Identifying Features:**
   - A closer look at the backrest's top edge in Image 2 under different lighting might show slighter curves or sharper edges compared to the smoother edge in Image 1.

Despite these observations and assuming minor variations could come from the view angles or lighting conditions, there are enough subtle differences that suggest they might not be the same object. Hence, the objects may differ, leading to a reevaluation of confidence in the original analysis."
scene1_1,scene1_3,red,blue,"shape, orientation and location",False,True,0.8,"Upon further review, the chairs in both images have identical designs, with similar backrest patterns, armrests, and legs. The position relative to the table and the overall room setup is the same, indicating they are likely the same object. However, subtle visual differences between images might be due to slight variations in perspective or lighting, but they do not significantly affect the conclusion. Given the consistent environment and object features, it's reasonable to conclude they are the same object."
scene1_1,scene1_3,red,green,"shape, orientation and location",True,True,0.85,"Upon a closer examination of the images, I focused on verifying the consistency of subtle details:

1. **Shape and Structure:**   - Both chairs have the same basic shape and structure, including armrests, a straight backrest, and a rectangular seat.

2. **Position Relative to Table and Floor:**   - The chairs maintain their positions relative to the table, which strongly suggests they are the same object viewed from different angles.

3. **Color and Finish:**   - The wood color and finish appear consistent between the two images, which reduces the likelihood of differences in furniture sets.

4. **Perspective Changes:**   - Slight variations in angle offer no substantial differences in structural features, supporting the conclusion of it being the same object.

5. **No Unique Identifying Features:**   - There are no distinguishing marks or features that uniquely identify the chair as being different between the two images.

Overall, the confidence level is slightly reduced to 0.85 due to the need to carefully review subtle differences. However, the consistent features still lead to the conclusion that these are images of the same chair."
scene2_1,scene2_2,red,blue,"shape, orientation and location",False,False,0.7,"Upon closer inspection, subtle differences can be observed. In the first image, the object has markings that are different from the one in the second image's blue box. The objects are similar in shape and location, but the color of the labels and markings distinguish them as different items. The unique identifying feature comes from these distinct label colors and patterns, which differ between the two objects."
scene2_1,scene2_2,red,green,"shape, orientation and location",True,False,0.8,"Upon closer inspection, there are subtle differences in the label colors on the cassette tapes that might have been overlooked initially. The tape in the red box of Image 1 has a yellow label, while the one in the green box of Image 2 has a similar label, but potential differences in hue or markings could distinguish them. Given the potential for these small differences, I reevaluated my analysis and lowered my confidence. Without definitive, unique identifying features proving they are the same, it is safer to conclude they are not the same object."
scene2_1,scene2_3,red,blue,"shape, orientation and location",False,False,0.8,"Upon closer examination, several factors suggest that the objects in the specified areas are not the same:

### 1. **Visual Details and Color**
   - **Image 1 (Red Box):** The object appears to have a distinct color marking which is a light or reflective section in the middle.
   - **Image 2 (Blue Box):** The object also appears to have a similar shape and marking, but confirmation of color and label details is ambiguous due to lighting.

### 2. **Unique Markings**
   - **Image 1:** The tape on the upper shelf shows a unique emblem or distinguishing mark in the middle that appears distinctly positioned or shaded.
   - **Image 2:** The emblem or marking might appear similar at first glance, but could vary slightly in shape or alignment when examined more critically.

### 3. **Location and Placement**
   - The two objects are located in slightly different parts of the shelf which might indicate redistribution in between shots or simply the existence of multiple similar-looking items within the same environment.

### 4. **Alignment and Orientation**
   - The angle or viewpoint in each image suggests possible variations in how these items might be placed or oriented, indirectly suggesting they might not be precisely the same.

### Conclusion
The factors listed above suggest that while there is a high similarity, the definitive visual discrepancies and possible changes in markings or shapes lead to a conclusion of them being different objects. Therefore, the objects should be considered not to be the same with a reduced confidence score."
scene2_1,scene2_3,red,green,"shape, orientation and location",True,True,0.95,"Upon closer inspection, the object in the red box in Image 1 and the one in the green box in Image 2 match in shape and design. Both objects are located in the same position on the shelf, and there are no visible differences that would suggest they are not the same. The consistent pattern and orientation confirm that they are indeed identical. The only potentially subtle detail, like lighting or angle, does not significantly affect the comparison."
scene3_1,scene3_2,red,blue,"shape, orientation and location",False,False,0.75,"Upon closer review of the images, there are a few subtle aspects that impact the initial assessment.

1. **Subtle Details:**
   - The glasses in the two images appear similar but are slightly different in terms of tilt or placement relative to surrounding glasses in each image.

2. **Differences:**
   - In the first image, the glass is upright and positioned evenly with others, whereas in the second image, the positioning or alignment might be subtly different due to the angle and relative positioning to nearby objects. This could indicate they are different instances of similar objects.

3. **Identifying Features:**
   - While both appear simple with no logos or colors, the small differences in relative position or tilt between images hint they might not be identical.

**Conclusion:**

Considering these observations, especially the possible differences in position and orientation relative to nearby objects, it is prudent to adjust the initial assertion. The objects might be different, though likely of the same type. Confidence in them being different has increased due to these factors, but with remaining uncertainty given similar appearance."
scene3_1,scene3_2,red,green,"shape, orientation and location",True,True,0.95,"Upon closer inspection, the objects in both images have the same shape and design. In the first image, the object is centrally placed and upright. In the second image, although the object in the green box appears slightly tilted, there are no unique identifying features distinguishing it from the first image. The spatial orientation and position relative to the overall shelf structure are consistent, indicating they are the same object with a different orientation."
scene3_1,scene3_3,red,blue,"shape, orientation and location",False,True,1.0,"Upon reviewing the images, the object within the red box in Image 1 and the blue box in Image 2 are indeed the same. The objects have an identical cylindrical shape and position in relation to the shelving unit, with no discernible differences in detailing or design that would suggest they are different. Their orientation and context within the environment (on a middle shelf) also match. There are no unique identifying features that disprove their similarity. Therefore, the judgment remains unchanged."
scene3_1,scene3_3,red,green,"shape, orientation and location",True,False,0.4,"Upon reviewing the images again, there are factors suggesting the objects may not be the same:

1. **Shape and Size:**
   - While both objects are cylindrical, the precise dimensions might differ subtly. This can affect the judgment of whether they are identical objects.

2. **Lighting and Shadows:**
   - The lighting and shadowing are similar, but this alone isn't definitive due to the angle and potential placement differences affecting perception.

3. **Location & Orientation:**
   - The location of the objects within their respective shelves in the images varies slightly. This kind of subtle detail might suggest a different object or at least a different instance of the same type.

4. **Unique Features:**
   - In closer inspection, any unique detailing or markings are not visible with clarity, making it difficult to definitively state they are the same.

Given these nuanced observations, the initial high confidence was too optimistic. The assessment leans towards them being different objects, prompting a confidence score adjustment to reflect the uncertainty."
